Ticker,ret_1w,ret_1m,ret_2m_display,ret_3m,ret_6m,vol_6m,ret_2m,z_2m,recent_min_z_2m,recent_max_z_2m,recent_bull_cross,recent_bear_cross,ema_bullish,ema_bearish
ABB.NS,0.026287136413128076,-0.0905582356995176,0.045558988986609705,0.1414237522705648,0.332256436143362,0.3410648343523155,0.045558988986609705,0.02363683162351752,-0.44712099764188024,1.345078089677433,False,True,False,True
APLAPOLLO.NS,-0.015607640009018486,-0.11677589987013015,-0.053418806207996994,-0.17155703351429985,0.05518058346674315,0.3112985145630966,-0.053418806207996994,-0.836503733230018,-1.5015449318028686,-0.5558309037197664,True,True,False,True
AUBANK.NS,-0.04578481083020147,-0.07630793943929515,0.06280142448938353,-0.036385577364272725,0.07646534700449092,0.30889162832108125,0.06280142448938353,-0.2133684269902045,-0.41961883393677957,0.0659606200442683,False,True,False,True
ADANIENT.NS,-0.0056396495404353875,0.21185988214566498,0.36559687675625807,0.2625666813627172,0.10557381051485648,0.3990929752081207,0.36559687675625807,3.4190563074440288,2.0755660670245546,3.9055674575178285,False,False,True,False
ADANIGREEN.NS,-0.04007355450125749,0.1810434358016304,0.5635755639740534,0.42893208960744356,0.2707708529503483,0.46463895208216655,0.5635755639740534,3.311566640255747,3.311566640255747,4.483984007889841,False,False,True,False
ADANIPORTS.NS,0.011221396267115491,0.12496084078350744,0.3132918702512817,0.18057936065051017,0.18549620420634305,0.331833482033653,0.3132918702512817,2.873508039378668,1.0848148202909527,2.873508039378668,False,False,True,False
ABCAPITAL.NS,-0.0007150007274818737,0.013929157597074582,0.09650086450804829,0.03926228859410141,0.05431502782852915,0.33560192415770607,0.09650086450804829,-0.08817573620592084,-0.5163457162227234,0.15442184554800162,True,True,False,True
AMBER.NS,-0.0906677927248597,-0.040911115352802674,0.11197993508409554,-0.025534940849440857,0.021827548806941488,0.4839013392560406,0.11197993508409554,0.5958787923160358,0.012487178974666283,0.9611917332720573,True,True,False,True
ANGELONE.NS,0.11837332974799541,0.04814073967341814,0.5653516460406072,0.25875555075531453,0.23720538787633338,0.4848860863143582,0.5653516460406072,2.687245777620194,1.6542041430425372,2.687245777620194,True,True,True,False
APOLLOHOSP.NS,0.023340312846409583,0.0728951446280992,0.1077999999999999,0.10155783891282733,0.11966848595108148,0.19758126175551283,0.1077999999999999,1.4036745949499136,0.07032063004642233,1.4036745949499136,False,True,True,False
ASHOKLEY.NS,0.0009070843136600448,-0.12530437011682682,-0.12282099341116326,-0.24507651882460224,0.04195333156148462,0.39657489878614066,-0.12282099341116326,-1.4585179648399371,-2.1943930349961804,-1.387076576276609,False,True,False,True
ASIANPAINT.NS,-0.008923767363084756,0.021701505367426988,0.16111165529608962,0.09820831585909251,-0.10583535017733614,0.26833935485360627,0.16111165529608962,1.3568105335570495,0.8535025372837723,1.5842128835096159,False,True,True,False
ASTRAL.NS,-0.05207202093482732,-0.06477093206951023,-0.10411622276029053,-0.07297212652677731,-0.022457067371202122,0.3167521407620399,-0.10411622276029053,-1.5329701903799708,-1.6689220714540216,-0.8514230095228137,False,True,False,True
DMART.NS,-0.047035452071810036,-0.09853133670053837,0.09409221577239157,0.05832401724872116,0.02059852636910131,0.2661229501753512,0.09409221577239157,0.8486548155694893,0.7549006551914533,1.6068605638705555,False,True,False,True
AXISBANK.NS,-0.0010361284737036014,-0.09029535221942564,0.020519558047810582,-0.059295953018897674,0.009423380329085518,0.2736118802940777,0.020519558047810582,-0.051647478332578045,-1.028546285470641,0.09301486157092186,False,True,False,True
BSE.NS,0.036977363056377444,0.19088112071086472,0.40802386384899236,0.3839618659787978,0.48072561687338666,0.39564937561612223,0.40802386384899236,1.20130143561451,1.0999787340161833,1.5430342618126103,False,False,True,False
BAJAJ-AUTO.NS,0.020667878671897455,0.08924742162769328,0.17091108671789246,0.09293032786885247,0.20626484224810593,0.24788049427940848,0.17091108671789246,2.2394787151048465,0.4194821713525552,2.2394787151048465,True,True,True,False
BAJFINANCE.NS,-0.004933398979943715,-0.03323209456591114,0.044957459697261726,-0.11427174977890964,-0.1088365003298356,0.31066120032221456,0.044957459697261726,0.4792820015531088,-0.6621018449282847,0.8985095177986828,False,True,False,True
BAJAJFINSV.NS,0.006895759301636106,-0.05358111263587273,-0.012678198829117582,-0.13394622653491317,-0.15180564006091724,0.24255257732217897,-0.012678198829117582,0.05411649340584816,-0.8527379671018043,0.3504930933640345,True,True,False,True
BAJAJHLDNG.NS,0.004344887515689955,0.007067479910930485,0.07647728448721924,-0.04402168918297955,-0.17247414478918055,0.2741269110436019,0.07647728448721924,0.9697827233755512,-0.19760831398625567,1.070399535408991,True,True,True,False
BANDHANBNK.NS,-0.039991919833091694,0.08488046632479862,0.19739315350462694,0.15498065474548706,0.2360437723994422,0.4134332657403816,0.19739315350462694,1.5291590349856339,0.34713425382258883,1.5291590349856339,False,True,False,True
BANKBARODA.NS,-0.01755034318032378,-0.07375455937256592,-0.07113854861953883,-0.08471040139140573,-0.08247600312636227,0.3065520618290306,-0.07113854861953883,-1.128924712868949,-1.7653665180508336,-0.9973807842643289,False,True,False,True
BANKINDIA.NS,-0.03278917207897003,-0.07074688629763204,-0.08026165194314105,-0.13944000400853562,-0.049754354855606864,0.3634125541540525,-0.08026165194314105,-1.1014513010572873,-1.7262608424875925,-1.0777311534907834,True,True,False,True
BDL.NS,-0.03643479982804965,-0.051781782670454524,0.005397901417512285,0.04840790430707864,-0.19209319095750121,0.43208746604851184,0.005397901417512285,-0.03133142532656277,-0.223276796692112,0.4828744406943616,False,True,False,True
BEL.NS,-0.0197038873423534,-0.06888151960911548,-0.043131926356490435,-0.034783594354078184,-0.01511072276643155,0.2836873525957681,-0.043131926356490435,-0.8374838226329617,-1.384553197992898,-0.7109754556257142,True,True,False,True
BHEL.NS,-0.01210214225793449,0.227112870544393,0.592159096327403,0.5958944042873289,0.4493962542617431,0.39812661028662905,0.592159096327403,2.845815857357774,2.3221365920378365,3.611456332316339,False,False,True,False
BPCL.NS,0.00474574202198097,-0.06807104143194376,-0.012164620061626552,-0.2076985053657434,-0.20140105432283972,0.3286571069196308,-0.012164620061626552,-0.19158223227887727,-1.7322135129485738,-0.19158223227887727,True,True,True,False
BHARTIARTL.NS,0.0009556935641756859,0.016334258128369195,0.03191026208435965,-0.059559986107584284,-0.10253720488348428,0.2067336505692963,0.03191026208435965,0.3464738131882562,-1.2263796439471348,0.9600505599495865,True,True,True,False
BIOCON.NS,0.028281637478557498,0.1918395742835841,0.1411734069595989,0.13996558387069347,0.04791441661437945,0.26708349148938915,0.1411734069595989,1.4781508787011084,-0.20775358272792524,1.5706823833361914,False,True,True,False
BLUESTARCO.NS,-0.002819068683736159,-0.11086749567583332,-0.0841734400877695,-0.16758459762629174,-0.059884652116210746,0.3417112880426888,-0.0841734400877695,-0.6361854303664819,-1.2729793900941282,-0.5033711908693336,False,True,False,True
BOSCHLTD.NS,-0.04696169982406284,-0.07585301837270342,0.1489639419154838,-0.013587337162067503,-0.04721959139493981,0.3360324299148648,0.1489639419154838,0.8629850908375467,0.43244694389444316,1.5303412197084667,True,True,False,True
BRITANNIA.NS,-0.00735225686365748,-0.08642398286937902,-0.08954332052923597,-0.10826853941978098,-0.08107176703713281,0.20321904759052759,-0.08954332052923597,-1.7920231308844412,-2.1329760677974607,-1.420340835104434,False,True,False,True
CGPOWER.NS,0.01962867599653695,0.0740764041155697,0.22092037706376821,0.27163124883468726,0.16328180822335248,0.3693775428435334,0.22092037706376821,1.5155623766822715,0.47257811484573403,2.072357845421768,True,True,True,False
CANBK.NS,-0.021935151310886747,-0.11292107241388316,-0.06303998135317701,-0.09734078006583735,-0.12391322593211673,0.31584246153036594,-0.06303998135317701,-0.994710822221366,-1.5500707500249638,-0.9134751255671891,False,True,False,True
CDSL.NS,0.0009177423050485967,-0.11947741793243916,0.0004169088695735734,-0.10147532097514345,-0.26202484196742093,0.35408669372847296,0.0004169088695735734,-0.0888971764307456,-0.3391920509895683,0.11740163071295011,False,True,False,True
CHOLAFIN.NS,-0.04026544353837058,-0.053611851113542164,-0.01635055591890122,-0.12015913045326865,-0.12282747139656447,0.35191214149398087,-0.01635055591890122,-0.25462932956749956,-0.5706917963440895,0.04768496861272756,False,True,False,True
CIPLA.NS,-0.024222125663349026,0.13744423887550705,0.0936110480863106,0.052872718298206944,-0.08498137020139995,0.23221608130252422,0.0936110480863106,2.034653749611952,0.029666636921190533,2.034653749611952,True,True,True,False
COALINDIA.NS,0.013544817926229413,0.0384745989966766,-0.004434803229786288,0.12532094070957323,0.18930093793880354,0.2723150784656652,-0.004434803229786288,-0.5616729377774211,-0.8786901647939641,0.5043858020230911,False,True,False,True
COFORGE.NS,0.08033895055347773,0.06512991026585979,0.2822422705607175,0.011161660627050152,-0.2348299537100461,0.41313889250455554,0.2822422705607175,1.6449721558075494,0.7188289906872474,1.7449128906452505,False,False,True,False
COLPAL.NS,0.008525018100707493,0.027674832424228413,0.12002684046935341,0.020120607553378633,-0.0035900252385288045,0.25903676927537195,0.12002684046935341,2.742720506193459,-0.05413437076652455,2.8654942765373383,True,True,True,False
CAMS.NS,-0.02131450088486808,0.027315769057618455,0.21539189344285758,0.06663891323154347,-0.023489081993144256,0.32164673404083827,0.21539189344285758,2.3621394609309343,1.8133409366696895,3.848339930996599,False,True,False,True
CONCOR.NS,-0.03260353363142654,0.003371641507924128,0.11825817994260279,0.015251868511954259,-0.024959010701612883,0.2572999777844325,0.11825817994260279,1.6407174529273636,1.1250880547439188,2.197040207256696,False,True,False,True
CROMPTON.NS,0.010036316919781019,0.12835883622838362,0.17373823907478414,0.09094653896504012,0.05685320457952159,0.3262026410449434,0.17373823907478414,2.660809430048833,2.5843145856747545,3.5169692039379594,False,True,True,False
CUMMINSIND.NS,0.004285448108813039,0.05347511978704356,0.17265688740442275,0.22155745674819727,0.2584048721327572,0.2965964201668088,0.17265688740442275,0.9550235393380553,-0.2575270362051988,1.0596209288841434,True,True,True,False
DLF.NS,0.008058314971335134,-0.03226067974610258,0.07329321848585235,-0.061382519667605884,-0.23128714041166254,0.3185860120181947,0.07329321848585235,0.6889315710330277,0.028367711729361724,0.8877332933173645,True,True,True,False
DABUR.NS,-0.0385153176901224,-0.011393791806381337,-0.01270437432668614,-0.12801249753211907,-0.14885713123139876,0.24356854946976417,-0.01270437432668614,-0.012303934932563829,-0.28967131175826016,0.18437597282698523,False,True,False,True
DALBHARAT.NS,-0.009576643515248784,-0.1217085181768216,-0.05773894550493075,-0.18338550296808842,-0.14011607496516598,0.3157351452962225,-0.05773894550493075,-0.6197531075520775,-0.9957954396469647,-0.4433321549758747,False,True,False,True
DELHIVERY.NS,-0.03731658143417704,-0.04088547461510239,0.1254039609864468,0.07656643186017642,0.03746564212830861,0.292662612436438,0.1254039609864468,0.1747044131720551,-0.004817606961772209,0.3023688889901999,True,True,False,True
DIVISLAB.NS,-0.00917431192660545,0.09099586382437153,0.12675593526657347,0.11177757963848589,0.05321354526606781,0.21386611787352874,0.12675593526657347,1.2727672084265134,0.3768134967617435,1.4126336204713155,False,False,True,False
DIXON.NS,0.01396019093938583,-0.0006213936972925271,0.09417824861502577,-0.013926600683191737,-0.26986185874570334,0.4567696532429784,0.09417824861502577,0.966415914719436,0.26253432924341696,1.221410006983062,True,True,True,False
DRREDDY.NS,0.011429905410488495,0.08020647744734433,0.027029092264017285,0.039744516043600964,0.05818619582664519,0.26096170134887725,0.027029092264017285,0.16465508557690825,-0.7325270937347238,0.295151259560499,True,True,True,False
EICHERMOT.NS,-0.020187659937446645,-0.048132035080450275,-0.0026049204052098762,-0.14544327340359575,0.029424943988050734,0.30700092547329505,-0.0026049204052098762,-0.5710555367283897,-1.3817705263636915,-0.3178476790796606,False,True,False,True
EXIDEIND.NS,-0.02545045497108378,0.023116125933243747,0.12885059478659278,0.011876484369022,-0.10551184306307415,0.29390842602985184,0.12885059478659278,1.815740119792146,1.4652879248719637,2.2629669026396564,False,True,False,True
NYKAA.NS,0.005494505494505475,0.03608363203177678,0.14375000000000004,0.013102003479519952,0.05524158968128279,0.26948389719885296,0.14375000000000004,0.9661186232879778,-0.5001120450136209,1.0708260954166309,True,True,True,False
FORTIS.NS,-0.003451333165232162,0.055313128472015416,0.1793464687159365,0.05514042846246925,0.031566572906227774,0.2684941291829541,0.1793464687159365,0.9997825132620681,-0.10651873214177691,1.2285247124552794,False,False,True,False
GAIL.NS,-0.0412644160179656,-0.03029178482649808,0.05544639163468723,-0.035809314316884056,-0.14999187341774234,0.2795203962866132,0.05544639163468723,1.0890393615072775,0.6277508474447793,1.556285128575776,False,True,False,True
GMRAIRPORT.NS,0.0008265505764848413,-0.0038049683804582957,0.07275746867147181,0.03020316901867326,0.0125431647241534,0.36180960678474167,0.07275746867147181,0.5788856488595043,-0.4037345067697047,0.5788856488595043,False,True,False,True
GLENMARK.NS,0.02238737937173485,0.07160444912951869,0.11514987255463316,0.1979375370238039,0.2623971435154795,0.2803127773222467,0.11514987255463316,0.1790374886978776,-0.42571618090806745,0.4851301435191349,True,True,True,False
GODREJCP.NS,-0.015484428800039307,-0.09577357127124331,-0.022860429031063112,-0.14898781096476077,-0.11269080872833082,0.26209400018615475,-0.022860429031063112,-0.0762105830841003,-1.0735004525226899,0.10624312961400591,False,True,False,True
GODREJPROP.NS,0.0019613639538866856,-0.03772851833015933,0.096389394794554,-0.038580735280389744,-0.20898989668295953,0.38960995035494644,0.096389394794554,1.0352151048102505,0.4523577626434213,1.118247088767157,False,True,False,True
GRASIM.NS,0.07343384912163953,0.13565181821353955,0.1756046439905221,0.09227839335180055,0.13332618859402845,0.2455869438702198,0.1756046439905221,3.537310780166116,1.1648844517015244,3.537310780166116,False,False,True,False
HCLTECH.NS,0.03932379997497781,-0.18942548518546443,-0.11573690950182658,-0.1972237552840247,-0.2674025048138562,0.2977067874287605,-0.11573690950182658,-0.8153180171563237,-1.3667566256619241,-0.7797687592901912,True,False,True,False
HDFCAMC.NS,0.013486329086965343,-0.023657873176896937,0.14454141847692026,-0.030321359722848773,0.007906854736283053,0.34906378896591067,0.14454141847692026,0.978010398272771,0.057925339713780215,0.978010398272771,True,True,True,False
HDFCBANK.NS,-0.013514344154215152,-0.06479824525523559,-0.10196954401514935,-0.16013939124083654,-0.2328718241459794,0.2364163602882892,-0.10196954401514935,-1.043857111530321,-1.4441116080303487,-0.5849366347830882,False,True,False,True
HDFCLIFE.NS,0.0029385157600838596,0.000244160494832002,-0.043515511343996005,-0.11832665590410785,-0.20595842567217448,0.23601898837976562,-0.043515511343996005,-0.2832514616774376,-0.9464419541336822,-0.08291970781718654,True,True,True,False
HAVELLS.NS,-0.0009085708720566466,-0.08962981131832815,-0.08154280651353818,-0.1383903481681802,-0.17673884938978357,0.2660834829145426,-0.08154280651353818,-1.045066958576532,-1.8085197399558224,-0.42876227010869755,False,True,False,True
HEROMOTOCO.NS,-0.021173921607248403,-0.05504848830576159,-0.07198879551820725,-0.11004656160458448,-0.1027353976708495,0.29438234667961255,-0.07198879551820725,-1.164007788123374,-1.5574069849245884,-0.8818434925167095,False,True,False,True
HINDALCO.NS,-0.003625487014388029,0.07600452460087448,0.1736507987620839,0.2093509888098184,0.3678840490249584,0.31184392073289124,0.1736507987620839,1.3512662118189291,-0.01426555348821497,1.4279636591966218,True,True,True,False
HAL.NS,-0.05156252119276261,0.0027533040264493547,0.102773029211084,0.03750831024940182,-0.0759862812071348,0.3200831666675173,0.102773029211084,0.7556088250389857,0.5068834152187605,1.5365804989359395,False,True,False,True
HINDPETRO.NS,0.02979737879416633,0.011446394293308293,0.12305018577806637,-0.13638387954336884,-0.19210392146915578,0.4072283142795809,0.12305018577806637,0.9239985594287701,-0.8168420197140617,0.9239985594287701,True,True,True,False
HINDUNILVR.NS,-0.030995665355687874,-0.05699569565710305,0.009637684404542712,-0.054745771619507555,-0.10244262269725724,0.22418317149684944,0.009637684404542712,0.20598797224343804,0.20598797224343804,0.8506085038146519,True,True,False,True
HINDZINC.NS,-0.06156146762350578,0.06720473711634445,0.14953787019653642,0.05937423162342981,0.2894980048597573,0.44189052769798,0.14953787019653642,0.5884914614291114,-0.003189681807940172,0.7975654890898961,False,True,False,True
POWERINDIA.NS,0.12883245586868997,0.21947139511542324,0.4751112909753137,0.6259255955036132,0.6980341004379018,0.44195227270218784,0.4751112909753137,1.4603193138098411,0.4140441269853961,1.4603193138098411,True,True,True,False
HUDCO.NS,-0.07723304019971766,0.039019991275197174,0.19485187622039657,0.05276601058615493,-0.0940261041204179,0.37999078372891937,0.19485187622039657,1.6517861234495888,1.1797915072360248,2.594371730727663,True,True,False,True
ICICIBANK.NS,-0.0025681791106541008,-0.10486889442931557,-0.03561721343426372,-0.1214477121453621,-0.09482880638883828,0.21299508985713914,-0.03561721343426372,-0.5042258423607959,-1.1562607060831651,-0.06409800513019358,False,True,False,True
ICICIGI.NS,-0.025907309092736086,-0.02119565217391306,-0.01895634004367741,-0.06006992390866783,-0.10179042543304995,0.19305423274699685,-0.01895634004367741,-0.3273946372911545,-0.8973307626240169,-0.15891757970731377,True,True,False,True
ICICIPRULI.NS,-0.058334881652981174,-0.07271399974125792,-0.1389990787889196,-0.2074885619774084,-0.18960998271691887,0.2607400755018795,-0.1389990787889196,-1.35945760065133,-1.35945760065133,-0.966409816187761,False,True,False,True
IDFCFIRSTB.NS,-0.003501573687828219,0.005298801845967649,0.07288726462983441,-0.1623742666434308,-0.15081433797088017,0.3674139137378799,0.07288726462983441,0.39385225437467297,-0.44156028799841396,0.48750728445877,False,True,False,True
ITC.NS,0.002766847500528913,-0.005167143985316924,0.010496905789691091,-0.018167369584163318,-0.2452529895346054,0.23276877663002193,0.010496905789691091,0.8186769021508985,0.24688975217595557,1.061322339678824,True,True,True,False
INDIANB.NS,-0.01538922487883232,-0.11085172025308931,-0.0629326609505999,-0.06266452906145636,-0.056998099037355754,0.3722916721571727,-0.0629326609505999,-1.4089333496114835,-2.134273675995099,-1.4089333496114835,False,False,False,True
IEX.NS,-0.010822168819893618,0.007853446869248604,0.059809861788349794,0.02501013414109088,-0.07633587582140733,0.3786640897319024,0.059809861788349794,0.831332339177828,0.3995443982538876,1.2472649160891622,False,True,False,True
IOC.NS,0.0019250269715915813,-0.04602538111237209,-0.04192796914507024,-0.2050121875920935,-0.1793868684420621,0.29403594172516495,-0.04192796914507024,-0.5431117588676303,-1.9743552141026188,-0.5431117588676303,True,True,True,False
IRFC.NS,-0.02016173493600082,-0.05250460775369137,0.014781892701956734,-0.11907756275035497,-0.1887447603798459,0.34989460480911305,0.014781892701956734,0.4994826649545147,0.1042893059065938,1.2006741788367108,False,True,False,True
IREDA.NS,-0.005831071365864471,-0.007682739865593202,0.10043034464606793,0.03488187776259144,-0.14531112965782256,0.34846565225204296,0.10043034464606793,1.3716193737437756,0.9909922541342586,2.2580509295423257,False,True,False,True
INDUSTOWER.NS,0.02237476394669935,0.04110907243633233,-0.009973647293071375,-0.07458212121632768,0.0471686225535517,0.2670802295552193,-0.009973647293071375,-0.34269009894774105,-1.320374554314963,-0.1168325022613413,True,True,True,False
INDUSINDBK.NS,-0.008756484186859592,0.050852389714450386,0.0963635725403631,-0.028184197539203204,0.06094902706399208,0.31362637892995976,0.0963635725403631,0.6370119069009996,-0.4681946375353321,0.6764214602754445,False,True,False,True
NAUKRI.NS,-0.01226339642761931,-0.1405307210111595,-0.038261838768854806,-0.18828322124762453,-0.3001511144692104,0.2686690299010369,-0.038261838768854806,0.11059662872362874,-0.06655474892250218,0.4164543527406404,False,True,False,True
INFY.NS,0.07872141659531962,-0.10051782280543464,-0.04193370751030168,-0.13724346765977236,-0.21400059098223012,0.2921132804591365,-0.04193370751030168,-0.1226556488880703,-1.2325161176145245,-0.11438822888789882,True,False,True,False
INOXWIND.NS,-0.026539567938123065,-0.050474791581418876,0.21467844384619084,-0.10697497011585744,-0.3610868335316856,0.4132206071246281,0.21467844384619084,2.0231045809350574,1.4977295527345929,2.0665711401827696,False,True,False,True
INDIGO.NS,0.02861815208503682,-0.061814172214465835,0.026843000695981667,-0.10675163893728645,-0.2548024033172548,0.38978264721144323,0.026843000695981667,0.5683680238507347,-0.2996419707664083,0.5683680238507347,True,True,True,False
JINDALSTEL.NS,-0.04469987054389302,-0.07138423069090771,0.03413116488513501,0.010213640026004,0.11206105224974694,0.31337710903660004,0.03413116488513501,-0.3145966303374855,-0.7371198394073338,0.4773177921859252,True,True,False,True
JSWENERGY.NS,0.06952033007546676,0.003292760838889741,0.08432191620975527,0.1553612773176658,0.037159653277131444,0.34263623166729906,0.08432191620975527,1.0109372047892435,0.17282992890955523,2.9116948269106344,True,True,True,False
JSWSTEEL.NS,-0.012028664733031769,0.0013285974324976912,0.09775540071615407,0.04001627339945202,0.09719129471532817,0.27606452028083484,0.09775540071615407,1.0679436845818595,-0.3241887660480387,1.933864640366539,True,True,True,False
JUBLFOOD.NS,-0.05386039234025719,-0.07681712326521406,-0.06462695889106951,-0.18279869910088986,-0.29197139217807955,0.34616614941253104,-0.06462695889106951,-0.07296740654166876,-0.7134261879124851,1.568700599098759,True,True,False,True
KEI.NS,0.017940754792980407,0.08523111425094765,0.24202537649709477,0.14675488949614124,0.2733418242239751,0.3539892629380494,0.24202537649709477,1.6238980049133542,-0.65705684236672,1.6238980049133542,True,True,True,False
KPITTECH.NS,0.0590973546037552,0.008325516456830107,0.14869207683915797,-0.128583017341234,-0.3856160570010967,0.36699274048576946,0.14869207683915797,1.4770621087014184,0.4406484349318649,1.7414973268982568,True,True,True,False
KALYANKJIL.NS,-0.02216066481994461,-0.14960251792439005,-0.08001045358320191,-0.15560337248472778,-0.28758829465186675,0.4580682455885887,-0.08001045358320191,-0.42178980086146173,-0.6973758227002731,0.7538840708372766,True,True,False,True
KAYNES.NS,-0.048434016980743344,-0.2524898056784699,-0.12655093958880403,-0.19469881995085603,-0.4985944563575885,0.6366043785176583,-0.12655093958880403,-0.4874685708769567,-0.6496014586346206,1.016820376850201,False,True,False,True
KFINTECH.NS,0.013529955211623923,-0.16595617651958372,-0.07708531114376638,-0.14110110462392988,-0.23300432124350745,0.33646851691282603,-0.07708531114376638,-0.5260975652186319,-1.0620042919486197,0.16912322106775735,False,True,False,True
KOTAKBANK.NS,-0.006132583582085238,-0.003401773685022924,0.0177712289958869,-0.09461544862516835,-0.0843631190262012,0.2201686674880512,0.0177712289958869,0.5452136617374885,-0.7192532468345127,0.9200702417827868,False,True,False,True
LTF.NS,-0.04070381154044023,-0.07553952810560272,0.025460810398177935,-0.05349000201874565,-0.0826108733372416,0.3461197195009054,0.025460810398177935,-0.6115360601916121,-0.6256144678317774,0.07562776497127252,False,True,False,True
LICHSGFIN.NS,-0.04006069098677201,-0.04812883487925479,0.07827223627313029,0.05968682865192987,-0.05240443749183643,0.2848585222319389,0.07827223627313029,1.465905312608405,1.4580818977584804,2.8136243109132586,False,True,False,True
LT.NS,-0.0030199732612601338,-0.03604551844329884,0.10886867578089832,-0.05879391118124333,-0.018954125935324306,0.30409570301008026,0.10886867578089832,1.2754331405049302,-0.8200321152917996,1.7633755540673286,False,True,False,True
LAURUSLABS.NS,0.02698593690611939,0.21236597980776128,0.39465260995578477,0.3368296326307072,0.3523523523523524,0.31075436966731385,0.39465260995578477,2.1840911957981186,0.6793270742147809,2.388586046507042,False,True,True,False
LICI.NS,-0.00596271775524071,-0.029001291210952074,0.028865332313765757,-0.0721243159345839,-0.12012754780519896,0.2690613791927603,0.028865332313765757,0.2790896126668505,-0.6272953057684244,0.3945719251213529,True,True,True,False
LODHA.NS,0.012487855552433702,0.009192631815409413,0.049335059852742,-0.17683493250437654,-0.2693261678379496,0.39293581604023403,0.049335059852742,0.7760027656235297,0.1203328002585111,0.7760027656235297,False,True,False,True
LUPIN.NS,0.01164646594491181,-0.011680726800778696,-0.005961165389460676,0.03873957534807504,0.11151653988428611,0.19984687132911882,-0.005961165389460676,-0.5973000929817273,-1.404159030426252,0.14055664437250548,False,True,False,True
M&M.NS,-0.023598697075620012,-0.04566872373917008,-0.009556042364921913,-0.12294105176150594,-0.16211541766843085,0.30196968868704926,-0.009556042364921913,-0.37663093520100893,-0.8309397877586231,0.3491502410991924,False,True,False,True
MANAPPURAM.NS,0.03632268586072862,0.14407383911366023,0.255207266362627,0.06525689835792425,0.1467188361259022,0.3550850792203222,0.255207266362627,2.07438905668359,0.7638414850565158,2.2456719064556028,True,True,True,False
MANKIND.NS,0.021078770007965097,0.1427727716619318,0.21559818123786822,0.22014078993266195,0.10894975376528371,0.2823024491372096,0.21559818123786822,2.9616888847697784,1.384876000575243,3.233113514425504,False,False,True,False
MARICO.NS,-0.0037724843282185283,0.09095078765368858,0.10215299845768477,0.09432342211691824,0.12609985389568057,0.19383082007858574,0.10215299845768477,1.8506921233094433,0.5745451537535048,2.165793898384157,False,False,True,False
MARUTI.NS,-0.004971319311663502,-0.033504197310749606,0.002929386370644549,-0.146157380061692,-0.17049222137209896,0.2568381778814657,0.002929386370644549,-0.16822551582473055,-0.7721375231194811,0.036168139235908524,False,True,False,True
MFSL.NS,-0.0033100553716136627,-0.013828267923894133,-0.016928657799274438,-0.10899228331423882,-0.028325576331712954,0.2711025216137418,-0.016928657799274438,-0.6226351162393662,-1.0844643713131785,-0.5465103796039011,False,True,False,True
MAXHEALTH.NS,0.039588323400303826,0.06944373985389607,0.11747229492687672,0.035592251611410886,-0.01087843770431618,0.23838314208875033,0.11747229492687672,1.6506822350529484,-0.3549229381301686,1.6506822350529484,False,True,True,False
MAZDOCK.NS,-0.026954177375883126,-0.07596177121508063,0.039156752686063445,0.04450689347862724,-0.11764495863102664,0.40744024207729757,0.039156752686063445,0.2603796621662201,-0.1103720685259628,1.2810844282406426,False,True,False,True
MPHASIS.NS,0.0531889720607841,-0.07912356442486568,0.07400799877317876,-0.0938821232232192,-0.19642147927621734,0.29317664689169415,0.07400799877317876,0.7067588150713112,-0.38790345413432226,0.7067588150713112,True,True,True,False
MCX.NS,-0.004881569390377427,0.17596260404446018,0.24365595727424494,0.4196359509803169,0.7187192690695503,0.40441035181603313,0.24365595727424494,0.47203832245291966,0.47203832245291966,1.3277869033443583,False,False,True,False
MUTHOOTFIN.NS,-0.07317836915919962,-0.09348512674220355,-0.04284628011536007,-0.08739302866312215,-0.12156434847318287,0.3975911007066226,-0.04284628011536007,-0.9410824988428765,-0.9410824988428765,-0.0014636889257605052,True,True,False,True
NBCC.NS,-0.025342949241634494,-0.002251276664030799,0.11957178777418553,-0.05108077093424146,-0.18459785780421978,0.39211626851584597,0.11957178777418553,0.5676728321770469,0.21795851796310722,0.812782616049665,True,True,False,True
NHPC.NS,0.007010874100105813,-0.04393074396801844,0.027441807991482436,0.04677353576085541,-0.016189328142130477,0.2428098499146767,0.027441807991482436,0.5055683873049257,0.5055683873049257,1.781725071536289,False,True,False,True
NMDC.NS,-0.05417868760825395,-0.0035039850154450214,0.11285031970069426,0.1099081370909849,0.15166557925468438,0.319438395634291,0.11285031970069426,1.1791822563616097,0.786317578923457,2.249159097548653,True,True,False,True
NTPC.NS,-0.018925057358109454,-0.018677496683659034,0.01421672546672359,0.0710743465371042,0.1837417372143948,0.20751195361569025,0.01421672546672359,-0.07831190732855388,-0.39815872010005504,1.2455347118642857,True,True,False,True
NATIONALUM.NS,-0.024132592186239976,-0.039129962957527464,0.02847020135975087,0.16346981923310122,0.5477776709526629,0.4349384750531946,0.02847020135975087,-1.0454709526831016,-1.3796762302424248,-0.6123078688166782,True,True,False,True
NESTLEIND.NS,-0.03637981397240109,0.019276741151760257,0.1653823653097628,0.09660067201934619,0.10608683715141298,0.2028111169757315,0.1653823653097628,2.165058669312865,2.165058669312865,2.8912925404033083,False,True,False,True
OBEROIRLTY.NS,0.010258945455903445,-0.040315562976816155,0.13447162291056802,0.06901010971456745,-0.05592330202435036,0.27809819254438756,0.13447162291056802,1.2320259670737737,0.7877615472491247,1.6320388361962113,True,True,True,False
ONGC.NS,-0.016782944152222368,0.04503708839673415,0.11746933372432711,0.10639496163756701,0.1948707549850206,0.27571288734050314,0.11746933372432711,1.2538800210291714,-0.3433811739093253,1.6669278771895282,True,True,True,False
OIL.NS,-0.02714711259656921,0.08244653683054781,0.06279683377308709,0.10598572213069746,0.1525695160457432,0.3470639186390328,0.06279683377308709,0.2349624651374333,-1.1989098884492302,0.5944053760519524,True,True,True,False
PAYTM.NS,0.009610344430043272,-0.009598965352663691,0.13072404656158265,0.026014316154862493,-0.1105295412103906,0.40443998831606637,0.13072404656158265,0.4663634186224426,0.10290770384379933,0.5783558237389934,True,True,True,False
OFSS.NS,0.09276208658543439,0.22689446475854247,0.5440336401142494,0.465657478535924,0.18325530491883013,0.33706592711184985,0.5440336401142494,3.5324908392095624,2.1834468843286774,3.5324908392095624,True,True,True,False
PGEL.NS,-0.055922724961870895,-0.17415284205689607,-0.11377298602758734,-0.245673911856224,-0.19693821263884637,0.4851852826584173,-0.11377298602758734,-0.27576657192513293,-0.8556145267711703,0.17752191819692023,False,True,False,True
PIIND.NS,-0.116993197007067,-0.09294013977097015,-0.052713446249567975,-0.13016571033562785,-0.23030473248139305,0.285275096731725,-0.052713446249567975,-0.3210275440464497,-0.3210275440464497,1.1153691812103421,True,True,False,True
PNBHOUSING.NS,-0.012900745431178584,0.07843943493325511,0.3538047415454908,0.2629627887920769,0.15348481180951157,0.3709861123988828,0.3538047415454908,1.976897277135724,1.9073218161946677,2.3101991944631273,True,True,False,True
PATANJALI.NS,0.029558811939423002,-0.010361046870918211,-0.04769248931583958,-0.11127098321342921,-0.21189178384263596,0.2337777306287893,-0.04769248931583958,-0.074872795155278,-1.0821841806373673,0.27422316950388365,True,True,True,False
PERSISTENT.NS,0.08429835200851654,-0.05833128352129768,0.10809381172106258,-0.08395692644643182,-0.1773479757416817,0.3381485611048247,0.10809381172106258,0.7540086357581907,-0.3288595858310866,0.7540086357581907,True,True,True,False
PETRONET.NS,-0.006807750150931491,-0.02836779076046203,-0.06187006382021154,-0.07059228831635456,-0.01352343575429471,0.34822864396013664,-0.06187006382021154,-0.6746817565363536,-1.3413448067641605,0.34980599415246066,False,True,False,True
PIDILITIND.NS,-0.007413397788123555,0.04617132955358749,0.08533533443487462,-0.004393970764670074,0.008905328389408496,0.24463969181185696,0.08533533443487462,1.957861157756511,0.005656323273821217,1.957861157756511,False,True,True,False
PPLPHARMA.NS,0.008707632296744983,0.16756186381239657,0.2663070696305896,0.06104251289052254,-0.09251145318485166,0.36204922938544365,0.2663070696305896,3.911198780490839,2.4249089411950124,4.099889797846372,True,True,True,False
POLYCAB.NS,-0.0026037428803905582,0.15561561184086492,0.2828437870648155,0.21166392092256991,0.20459905660377364,0.3471601871513307,0.2828437870648155,2.625434747173419,-0.20570114598805178,2.7447965371295835,False,False,True,False
PFC.NS,-0.04529850848171668,-0.085119943926947,0.030977185436493748,0.07602050408749483,0.15056057954254265,0.3175818629907696,0.030977185436493748,0.17686037624148115,0.17686037624148115,1.6640543325624042,False,True,False,True
POWERGRID.NS,-0.00729084409952363,-0.06200099556011529,0.0035175470451214164,0.04300130667462754,0.10412827512903822,0.21381984602442167,0.0035175470451214164,-0.06821015234930575,-0.45269530778451433,0.7770152879534539,False,True,False,True
PREMIERENE.NS,0.03857166997154082,0.01948374323698676,0.25135596717167896,0.33706527863692615,0.017236147081140407,0.3734889651411962,0.25135596717167896,1.3600488365213457,1.3407983863164994,2.5786599735407165,True,True,True,False
PRESTIGE.NS,0.01153447670799057,-0.012190757953367992,0.09464364106000578,-0.0878809862232125,-0.20591440214096768,0.3383869143578161,0.09464364106000578,0.4273330760276427,0.03834197026801715,0.5287847337644458,False,True,False,True
PNB.NS,-0.025807728032438138,-0.10682676694596749,-0.09000001634870247,-0.141798615253094,-0.166025701637185,0.3064319223439174,-0.09000001634870247,-1.2070798800015354,-1.8918097801682867,-1.0995940632489727,False,True,False,True
RBLBANK.NS,-0.02505934727500303,0.026061193079215172,0.1042995859872522,0.04764185013289435,0.03169623784772457,0.3223675400166438,0.1042995859872522,0.011311586474438817,-0.3253002708420378,0.2608272336886629,True,True,False,True
RECLTD.NS,-0.041917818253314976,-0.12951609001168873,-0.0118448316577755,-0.03805125979036117,-0.06800719622693785,0.31003992363553773,-0.0118448316577755,0.30210254128318276,0.002558036936144784,2.1552934882691535,False,True,False,True
RVNL.NS,-0.05727719884347737,-0.09405737378490286,0.01101572864894984,-0.12364463672524473,-0.15667338383454477,0.4065002642043776,0.01101572864894984,0.3382840551145717,0.1530552311060101,0.9158329268248587,False,True,False,True
RELIANCE.NS,-0.0089587845533462,-0.0027341115116278347,-0.03434459437675608,-0.049309668498348724,-0.11146227018554034,0.2302817479065957,-0.03434459437675608,-0.5623948049186529,-0.7310715484759003,0.5381608360607788,False,True,False,True
SBICARD.NS,-0.01797161872427777,-0.08760571944533835,-0.10614681320241004,-0.18469830100774176,-0.29115949059838264,0.270126586148835,-0.10614681320241004,-0.6196482298580558,-0.948177222120779,-0.59003775022022,False,True,False,True
SBILIFE.NS,-0.0036427529520979274,-0.027045381791254708,-0.03736864361746817,-0.08568475561408673,-0.07046828635942415,0.2203631700359482,-0.03736864361746817,-0.8396233517571103,-1.0796860472027798,-0.5359172339108464,True,True,True,False
SHREECEM.NS,-0.016783216783216814,-0.03660924040720437,0.03928194297782461,-0.05836203597397627,-0.07846441947565541,0.22704443140053207,0.03928194297782461,1.0685337982529992,0.43133051637044567,1.415026868071689,False,True,False,True
SRF.NS,-0.03993551839230347,0.060461312158539116,0.048999160265712494,-0.07517470359769896,-0.07703152053576767,0.33803239749355896,0.048999160265712494,0.8868585542707141,0.3445897696242752,1.4977266863174161,False,True,False,True
SAMMAANCAP.NS,0.07776140043547186,0.036414930813630564,0.10683791376211182,0.07102683869931803,-0.12421939716920316,0.39863297747984405,0.10683791376211182,0.3325766067038506,-0.4543358417787106,0.3325766067038506,True,True,True,False
MOTHERSON.NS,0.08635317847072121,0.09863675503426861,0.1827678290120378,0.043730041281808685,0.24726879997337226,0.39029922261517463,0.1827678290120378,1.3549776018532018,-0.5385987977031389,1.3549776018532018,True,True,True,False
SHRIRAMFIN.NS,-0.021762352814934327,-0.12489241627270875,-0.08943856439256548,-0.14172456644189502,0.13029780497167143,0.39910207446924295,-0.08943856439256548,-1.0953228515815987,-1.3201432899909618,-0.5614005185861205,False,True,False,True
SONACOMS.NS,-0.005531444247336426,0.005160846487181514,0.1637123696687801,0.1067335439192465,0.2032536667492726,0.338099279387509,0.1637123696687801,1.2934080483261892,0.814887800252986,1.6872030453849571,True,True,True,False
SBIN.NS,-0.02959485588067079,-0.14475869470344283,-0.10688450355044876,-0.2066577337886637,-0.017512994788706382,0.28295963227209825,-0.10688450355044876,-1.8721233609146535,-2.8425413607659316,-1.7619072364802892,False,True,False,True
SAIL.NS,-0.012808936248261737,0.12264367371259088,0.2800755556527872,0.23386489209669614,0.384111499815053,0.4007772740699357,0.2800755556527872,2.1586140690161155,0.774232077293937,3.2071979229901753,True,True,True,False
SUNPHARMA.NS,0.015081632885711516,0.135779548574412,0.054001352958146454,0.11416792272643583,0.07637588660613659,0.22430157739692133,0.054001352958146454,0.9133292357198279,0.0882761550825632,0.9177152303770206,False,False,True,False
SUPREMEIND.NS,-0.012196526109557349,-0.05460104455909198,-0.11659318772536731,-0.0817240207233707,-0.06561004484763266,0.26023945669492793,-0.11659318772536731,-0.9458709293379939,-1.0804945036252231,-0.6196490306825607,False,True,False,True
SUZLON.NS,-0.011221288107733263,-0.004331441597845154,0.2810758006141716,0.15765274831748877,-0.08339114672499814,0.34785258229848154,0.2810758006141716,2.024371364579285,1.8956390206369973,2.9554926271857123,False,True,False,True
SWIGGY.NS,-0.02317885439846612,-0.11645521217244947,-0.14375962143569154,-0.25736708290893673,-0.36212160729399734,0.3703766408578281,-0.14375962143569154,-0.8669555763408142,-0.9845125721690969,-0.2571971447212691,True,True,False,True
SYNGENE.NS,0.004808205879487382,0.05746096629092734,0.1438998319762299,0.08253713758906067,-0.2814792253017532,0.3754848875269044,0.1438998319762299,1.5334952547465697,1.3481901720321583,2.049543038190247,True,True,True,False
TATACONSUM.NS,-0.027192072853801652,0.04632226305959941,0.10844158108911173,0.055378976490912724,0.032043507351776634,0.24468592953129845,0.10844158108911173,1.4407779017820301,0.650241255589362,2.200942008722028,False,True,False,True
TVSMOTOR.NS,-0.02314496547796019,-0.09912862867808914,-0.031872866216530626,-0.12521351143890025,-0.0017126971292263926,0.30417331298584516,-0.031872866216530626,-1.0274396716167733,-1.6595326568396709,-0.7215578486242327,False,True,False,True
TCS.NS,0.03615313943538512,-0.10852329010845618,-0.026968265324471496,-0.13557685372816575,-0.25074051797428365,0.2509901284123856,-0.026968265324471496,0.28757821319755167,-0.607358792520912,0.28757821319755167,False,True,False,True
TATAELXSI.NS,0.047719617695779704,-0.0931042599642149,0.027804876823280145,-0.12568403911432424,-0.19914550549463594,0.35181472800811725,0.027804876823280145,0.481613388187506,-0.3645455034138056,0.481613388187506,True,True,True,False
TATAPOWER.NS,0.006497471758800888,-0.058594171558834285,0.02407382775491329,0.09730016951670395,0.056900119313596065,0.2452136839678665,0.02407382775491329,0.08523015214920777,-0.19917470047940322,2.500072884685269,False,True,False,True
TATASTEEL.NS,-0.05675395819038065,-0.01617844801967916,0.06728756742602293,0.02657746341715206,0.19694713540566022,0.30266418822205066,0.06728756742602293,0.07525174243268647,-0.02957512846474175,1.2540854387522729,True,True,False,True
TECHM.NS,0.057019483544633154,-0.053837983874811535,0.058279883057091864,-0.07455684209388891,-0.013340710580208137,0.2955668493179174,0.058279883057091864,0.46264778074270574,-0.009317156349687869,0.8397751922360142,True,True,True,False
FEDERALBNK.NS,0.012488849241748534,-0.04057480980557904,0.07257612122817414,-0.01578213038288434,0.20100739018469893,0.2832841275314986,0.07257612122817414,0.007134199630734359,-0.7356439760468446,0.3697532101878947,True,True,False,True
INDHOTEL.NS,0.011073534407653352,-0.013135179282919629,0.056828288877103006,-0.06072295774908776,-0.08795777558467088,0.2733793622961662,0.056828288877103006,1.8759568569187226,1.0938570268020267,2.266023076348959,True,True,True,False
TITAN.NS,-0.012599171792289199,-0.08853273218400803,-0.0018090459219533006,-0.022994854935102227,0.0663063175001477,0.2624110516495645,-0.0018090459219533006,-0.85969758678413,-1.613335802690546,0.32456804925031246,True,True,False,True
TORNTPHARM.NS,0.014827833151701997,0.08063930755377213,0.03802118112007902,0.09592942503984792,0.16634483454127524,0.2054124416366851,0.03802118112007902,-0.18782215968510702,-1.2591640548797582,-0.18782215968510702,False,False,True,False
TORNTPOWER.NS,0.02311866253071848,-0.08023433585318374,0.03325481761740767,0.01969099193756496,0.14634898110227712,0.35923662913028503,0.03325481761740767,0.3093244068872409,-0.06115153666616921,1.8978789427305491,False,True,False,True
TRENT.NS,0.009195625035816946,-0.05013098682524775,0.14744804026516722,-0.01919099192291862,-0.05028244844228469,0.34367610550719135,0.14744804026516722,1.9834644560588397,1.4122387837222656,2.196930535163781,True,True,True,False
TIINDIA.NS,0.07133677711542563,0.03999727867647551,0.21192302550529218,0.20091250202713495,-0.02184117882371639,0.3799815220192993,0.21192302550529218,1.7651426789133409,0.45695553763661984,1.9071862195226024,True,True,True,False
UNOMINDA.NS,-0.03849244530221296,-0.061325679799242305,0.024786301601080307,-0.13255628972191524,-0.1744950911404659,0.3426833764370374,0.024786301601080307,-0.12180987532911992,-0.34291309115852864,0.055942618820702485,False,True,False,True
UPL.NS,-0.014724348456424452,-0.038667260071803766,0.021352641897318225,-0.13157529970855109,-0.170840996704698,0.3752855436293443,0.021352641897318225,0.21569163524683532,-0.05016140528814642,0.6217897584409278,False,True,False,True
ULTRACEMCO.NS,-0.01864522750598696,-0.046930808206661734,0.03220582943504868,-0.11486538609889685,-0.03368704733030148,0.2710588682875124,0.03220582943504868,0.4134922121181478,-0.6203128658300893,0.9449481168214009,False,True,False,True
UNIONBANK.NS,-0.028987258679327277,-0.16333999878809913,-0.09058903418350239,-0.10482473532138514,0.04818015421634114,0.36527636643107114,-0.09058903418350239,-1.236791118104393,-1.753721374555953,-1.2198521297821563,False,True,False,True
VBL.NS,0.029100231351216088,0.07163465068068153,0.2793157817399847,0.1570220108395317,0.1315846372996199,0.3003488907012716,0.2793157817399847,2.9868520667173986,1.2155204367294195,3.1418406664889647,True,True,True,False
VEDL.NS,-0.02699909725958627,-0.5699660860075151,-0.5284907252216735,-0.5105025038936242,-0.3723231844213504,1.005815527344935,-0.5284907252216735,-3.0986799372036526,-4.342867701358041,-3.088971319363421,False,True,False,True
IDEA.NS,0.05011562105998135,0.4261779700038977,0.4724324200604413,0.20530970305284435,0.2449726127557703,0.47852236420470323,0.4724324200604413,2.217250981277228,0.3934215916101223,2.217250981277228,False,False,True,False
VOLTAS.NS,-0.015461925009663702,-0.12606365449308732,-0.10342158401265023,-0.16513702418857978,-0.0572951505323096,0.3519864507992731,-0.10342158401265023,-1.5451201131052867,-2.40163050439215,-1.1923726190448978,False,True,False,True
WAAREEENER.NS,-0.003975479333211629,-0.11984564193735225,0.06017827742305926,-0.01278982397236661,-0.08722783668442735,0.43697430119161185,0.06017827742305926,0.020235872691957008,0.020235872691957008,1.1630089733971691,False,True,False,True
WIPRO.NS,0.060754127753581466,-0.02570601021842467,0.044010026056313434,-0.06702784237912696,-0.18263285354176118,0.26071192141008365,0.044010026056313434,0.7981872141480169,-0.26844423097879605,0.7981872141480169,True,True,True,False
YESBANK.NS,-0.027940550892813665,0.09104700027225787,0.15718886207819405,0.034036388993403,-0.04133334689670143,0.29446756292780524,0.15718886207819405,1.0938922991304618,0.5632582195882859,1.3235922386863952,False,True,False,True
ZYDUSLIFE.NS,0.045124471527687726,0.11614255699057607,0.1648122782081618,0.14562831593272385,0.0974111260553141,0.23457919667844093,0.1648122782081618,2.442463679920085,0.20214611553863177,2.6215537046900708,False,True,True,False
